label,psnr,ssim,count
base_x2,25.553325,0.854970,97
tail_x2,25.907998,0.908519,97
trunk_x2,28.178136,0.940923,97
base_x4_twopass,20.626668,0.623467,97
tail_x4,21.546408,0.772954,97
trunk_x4,21.934915,0.781863,97
