label,psnr,ssim,l1,lpips,grad_l1,count
hf_base_x2,24.298839,0.694271,0.037122,0.180331,0.194734,1058
x4_tail_ema,25.902348,0.747413,0.031210,0.170431,0.145064,1058
x4_trunk_ema,27.483924,0.846268,0.022986,0.123236,0.130593,1058
x2_trunk_twopass,26.718882,0.846686,0.024275,0.178493,0.148081,1058
