{
  "models": [
    {
      "label": "hf_base_x2",
      "psnr": 24.298839,
      "ssim": 0.694271,
      "l1": 0.037122,
      "lpips": 0.180331,
      "grad_l1": 0.194734,
      "count": 1058
    },
    {
      "label": "x4_tail_ema",
      "psnr": 25.902348,
      "ssim": 0.747413,
      "l1": 0.03121,
      "lpips": 0.170431,
      "grad_l1": 0.145064,
      "count": 1058
    },
    {
      "label": "x4_trunk_ema",
      "psnr": 27.483924,
      "ssim": 0.846268,
      "l1": 0.022986,
      "lpips": 0.123236,
      "grad_l1": 0.130593,
      "count": 1058
    },
    {
      "label": "x2_trunk_twopass",
      "psnr": 26.718882,
      "ssim": 0.846686,
      "l1": 0.024275,
      "lpips": 0.178493,
      "grad_l1": 0.148081,
      "count": 1058
    }
  ]
}