{
  "models": [
    {
      "label": "hf_base",
      "psnr": 14.174806,
      "ssim": 0.666082,
      "l1": 0.161513,
      "lpips": 0.243072,
      "grad_l1": 0.209816,
      "count": 2048
    },
    {
      "label": "tail_ema",
      "psnr": 28.982136,
      "ssim": 0.834752,
      "l1": 0.023234,
      "lpips": 0.104787,
      "grad_l1": 0.112708,
      "count": 2048
    },
    {
      "label": "trunk_ema",
      "psnr": 30.081665,
      "ssim": 0.895665,
      "l1": 0.019464,
      "lpips": 0.07533,
      "grad_l1": 0.097456,
      "count": 2048
    }
  ]
}