label,psnr,ssim,l1,lpips,grad_l1,count
hf_base,14.174806,0.666082,0.161513,0.243072,0.209816,2048
tail_ema,28.982136,0.834752,0.023234,0.104787,0.112708,2048
trunk_ema,30.081665,0.895665,0.019464,0.075330,0.097456,2048
