label,psnr,ssim,l1,lpips,count
tail_x2_best,22.072525,0.750365,0.044662,0.167016,149
tail_x2_latest,21.424450,0.750840,0.045846,0.144610,149
hf_base_2x,21.329562,0.540360,0.056057,0.175012,149
