{
  "models": [
    {
      "label": "tail_x2_best",
      "psnr": 22.072525,
      "ssim": 0.750365,
      "l1": 0.044662,
      "lpips": 0.167016,
      "count": 149
    },
    {
      "label": "tail_x2_latest",
      "psnr": 21.42445,
      "ssim": 0.75084,
      "l1": 0.045846,
      "lpips": 0.14461,
      "count": 149
    },
    {
      "label": "hf_base_2x",
      "psnr": 21.329562,
      "ssim": 0.54036,
      "l1": 0.056057,
      "lpips": 0.175012,
      "count": 149
    }
  ]
}