{
  "models": [
    {
      "label": "hf_base_twopass",
      "psnr": 9.132417,
      "ssim": 0.421436,
      "l1": 0.290316,
      "lpips": 0.456458,
      "grad_l1": 0.325674,
      "count": 2048
    },
    {
      "label": "x4_tail",
      "psnr": 23.768767,
      "ssim": 0.691251,
      "l1": 0.041748,
      "lpips": 0.234263,
      "grad_l1": 0.18092,
      "count": 2048
    },
    {
      "label": "x4_trunk",
      "psnr": 24.623918,
      "ssim": 0.764155,
      "l1": 0.035133,
      "lpips": 0.200475,
      "grad_l1": 0.176112,
      "count": 2048
    },
    {
      "label": "x4_twopass",
      "psnr": 24.500697,
      "ssim": 0.788564,
      "l1": 0.034246,
      "lpips": 0.222993,
      "grad_l1": 0.181344,
      "count": 2048
    }
  ]
}