label,psnr,ssim,l1,lpips,grad_l1,count
hf_base_twopass,9.132417,0.421436,0.290316,0.456458,0.325674,2048
x4_tail,23.768767,0.691251,0.041748,0.234263,0.180920,2048
x4_trunk,24.623918,0.764155,0.035133,0.200475,0.176112,2048
x4_twopass,24.500697,0.788564,0.034246,0.222993,0.181344,2048
