{
  "models": [
    {
      "label": "hf_base",
      "psnr": 14.851487,
      "ssim": 0.782565,
      "l1": 0.14868,
      "lpips": 0.166366,
      "grad_l1": 0.14292,
      "count": 1058
    },
    {
      "label": "tail_ema",
      "psnr": 32.574001,
      "ssim": 0.908064,
      "l1": 0.014086,
      "lpips": 0.051323,
      "grad_l1": 0.070869,
      "count": 1058
    },
    {
      "label": "trunk_ema",
      "psnr": 35.00536,
      "ssim": 0.953095,
      "l1": 0.010161,
      "lpips": 0.028837,
      "grad_l1": 0.050826,
      "count": 1058
    }
  ]
}