label,psnr,ssim,l1,lpips,grad_l1,count
hf_base,14.851487,0.782565,0.148680,0.166366,0.142920,1058
tail_ema,32.574001,0.908064,0.014086,0.051323,0.070869,1058
trunk_ema,35.005360,0.953095,0.010161,0.028837,0.050826,1058
