label,psnr,ssim,count
hf_base_x2,25.330135,0.842916,149
tail_x2_best,24.531383,0.889181,149
tail_x2_last,24.050745,0.878099,149
trunk_x2_best,26.615695,0.912067,149
trunk_x2_last,25.009515,0.898535,149
