label,psnr,ssim,l1,lpips,count
trunk_x2_best,24.621173,0.886041,0.028047,0.083719,149
trunk_x2_latest,23.085940,0.864616,0.030906,0.082612,149
hf_base_2x,21.329562,0.540360,0.056057,0.175012,149
