{
  "models": [
    {
      "label": "trunk_x2_best",
      "psnr": 24.621173,
      "ssim": 0.886041,
      "l1": 0.028047,
      "lpips": 0.083719,
      "count": 149
    },
    {
      "label": "trunk_x2_latest",
      "psnr": 23.08594,
      "ssim": 0.864616,
      "l1": 0.030906,
      "lpips": 0.082612,
      "count": 149
    },
    {
      "label": "hf_base_2x",
      "psnr": 21.329562,
      "ssim": 0.54036,
      "l1": 0.056057,
      "lpips": 0.175012,
      "count": 149
    }
  ]
}